white_counter,1645,2019,PXL_20240426_214704205.jpg,3072,4080
white_counter,1635,2019,PXL_20240426_214705313.jpg,3072,4080
white_counter,1661,1993,PXL_20240426_214706456.jpg,3072,4080
white_counter,1505,2134,PXL_20240426_214707869.jpg,3072,4080
white_counter,1505,2035,PXL_20240426_214709643.jpg,3072,4080
white_counter,1458,2019,PXL_20240426_214710866.jpg,3072,4080
white_counter,1567,1983,PXL_20240426_214712462.jpg,3072,4080
white_counter,1593,1962,PXL_20240426_214715066.jpg,3072,4080
white_counter,1697,1978,PXL_20240426_214717224.jpg,3072,4080
white_counter,1536,1967,PXL_20240426_214719109.jpg,3072,4080
white_counter,1484,2045,PXL_20240426_214721390.jpg,3072,4080
white_counter,1479,2009,PXL_20240426_214723229.jpg,3072,4080
metal_fridge,1598,1972,PXL_20240426_214732362.jpg,3072,4080
metal_fridge,1572,2066,PXL_20240426_214733498.jpg,3072,4080
metal_fridge,1614,2009,PXL_20240426_214734883.jpg,3072,4080
metal_fridge,1505,2092,PXL_20240426_214736551.jpg,3072,4080
metal_fridge,1567,1915,PXL_20240426_214739024.jpg,3072,4080
metal_fridge,1604,1988,PXL_20240426_214740692.jpg,3072,4080
metal_fridge,1645,2061,PXL_20240426_214742269.jpg,3072,4080
metal_fridge,1479,2040,PXL_20240426_214744080.jpg,3072,4080
metal_fridge,1479,1915,PXL_20240426_214746290.jpg,3072,4080
metal_fridge,1395,1957,PXL_20240426_214747719.jpg,3072,4080
metal_fridge,1468,1967,PXL_20240426_214749817.jpg,3072,4080
metal_fridge,1526,1962,PXL_20240426_214753162.jpg,3072,4080
green_trunk,1359,2186,PXL_20240426_214807139.jpg,3072,4080
green_trunk,1536,2191,PXL_20240426_214808313.jpg,3072,4080
green_trunk,1390,2134,PXL_20240426_214810032.jpg,3072,4080
green_trunk,1536,2170,PXL_20240426_214811258.jpg,3072,4080
green_trunk,1833,2108,PXL_20240426_214813178.jpg,3072,4080
green_trunk,1682,2102,PXL_20240426_214814249.jpg,3072,4080
green_trunk,1484,2118,PXL_20240426_214815557.jpg,3072,4080
green_trunk,1385,2092,PXL_20240426_214816808.jpg,3072,4080
green_trunk,1463,1957,PXL_20240426_214818772.jpg,3072,4080
green_trunk,1567,1988,PXL_20240426_214820113.jpg,3072,4080
green_trunk,1531,2035,PXL_20240426_214822166.jpg,3072,4080
green_trunk,1650,2076,PXL_20240426_214823800.jpg,3072,4080
black_dresser,1359,2009,PXL_20240426_214839036.jpg,3072,4080
black_dresser,1562,2139,PXL_20240426_214840350.jpg,3072,4080
black_dresser,1349,1941,PXL_20240426_214842141.jpg,3072,4080
black_dresser,1630,2045,PXL_20240426_214843555.jpg,3072,4080
black_dresser,1682,1962,PXL_20240426_214845564.jpg,3072,4080
black_dresser,1448,1993,PXL_20240426_214847052.jpg,3072,4080
black_dresser,1619,1905,PXL_20240426_214848447.jpg,3072,4080
black_dresser,1640,2108,PXL_20240426_214850524.jpg,3072,4080
black_dresser,1380,1978,PXL_20240426_214855499.jpg,3072,4080
black_dresser,1489,1952,PXL_20240426_214857375.jpg,3072,4080
black_dresser,1437,2004,PXL_20240426_214859204.jpg,3072,4080
black_dresser,1739,1899,PXL_20240426_214901297.jpg,3072,4080
wood_dresser,1286,2243,PXL_20240426_214914478.jpg,3072,4080
wood_dresser,1390,2274,PXL_20240426_214915490.jpg,3072,4080
wood_dresser,1583,2222,PXL_20240426_214917026.jpg,3072,4080
wood_dresser,1755,2097,PXL_20240426_214919079.MP.jpg,3072,4080
wood_dresser,1890,1967,PXL_20240426_214920208.jpg,3072,4080
wood_dresser,1692,1962,PXL_20240426_214921758.jpg,3072,4080
wood_dresser,1557,2030,PXL_20240426_214923164.jpg,3072,4080
wood_dresser,1432,2040,PXL_20240426_214924985.jpg,3072,4080
wood_dresser,1364,2097,PXL_20240426_214927060.jpg,3072,4080
wood_dresser,1578,1816,PXL_20240426_214928330.jpg,3072,4080
wood_dresser,1635,1879,PXL_20240426_214929808.jpg,3072,4080
wood_dresser,1708,1920,PXL_20240426_214931853.jpg,3072,4080